student_id,digital_addiction_score,productivity_score,wellbeing_index,development_level,gender,social_media_hours,late_night_score,sleep_hours,academic_risk_score,study_hours_per_week,financial_risk_score,urban_rural,short_video_hours,education_content_hours,online_learning_hours,entertainment_content_hours,age,is_high_risk,non_edu_screen_time,total_screen_time,idle_engagement_ratio,age_group,productivity_score_rounded,wellbeing_index_rounded
1,37.454011884736246,64.20316461542878,10.31238688359326,Urban,Other,11.021456699271614,2,6.051232996232116,39.10815366517607,15.636239836220586,90.17619921354236,Urban,0.3912275475629523,2.8948247456411096,7.0167246481455114,6.683841805937555,21,1,18.09652605277212,28.008075446558742,0.6461181557191064,20-23,64.2,10.3
2,95.07143064099162,8.413996499504883,90.25529066795669,Rural,Other,7.044818689638807,1,7.795731358803689,96.94123223352877,23.779053407446924,46.147746462473414,Urban,2.7835882608739966,3.779946840052109,7.552336750603183,0.1175471092396307,28,1,9.945954059752435,21.278237650407725,0.4674237699174233,24-30,8.4,90.3
3,73.1993941811405,16.162871409461378,50.525237244785714,Rural,Male,0.3941600429212601,0,9.592168633060105,25.813343270112753,19.870674354366777,63.72014768082804,Rural,5.455321235169361,0.3651899640190699,1.190367755240925,3.0327523893754895,26,0,8.88223366746611,10.437791386726104,0.8509686904417135,24-30,16.2,50.5
4,59.86584841970366,89.85541885270793,82.64574661077417,Rural,Female,10.952993554549549,2,4.6150583679440755,65.67366645412922,39.51142080859549,65.93539222057827,Rural,3.2322107877162853,1.1201927804265417,3.701404840523148,2.6987643741527414,28,0,16.883968716418575,21.705566337368268,0.77786354218969,24-30,89.9,82.6
5,15.601864044243651,60.642905965958995,32.00496010306117,Urban,Female,2.9787173130858227,3,9.623370923418706,32.51900642246949,5.457590102269325,89.51177407065364,Urban,2.986875048205741,2.2145144623304462,7.847899025301481,0.1546210473408082,23,0,6.120213408632372,16.1826268962643,0.3781965343367832,20-23,60.6,32.0
6,15.599452033620263,0.9197051616629648,89.55232284962005,Rural,Female,6.931583449098566,3,8.12731433380488,77.34731256866006,27.80578216190375,63.66696821672073,Rural,0.6328421997397835,7.772261527208405,3.867259487785173,0.9949471920040818,25,1,8.559372840842432,20.19889385583601,0.4237545333884408,24-30,0.9,89.6
7,5.8083612168199465,10.147154286603213,38.92016787341631,Urban,Male,1.9861598091356856,4,4.407022354631032,13.087366071834982,16.172750724171685,61.39335847600618,Rural,3.940680628345764,2.650776056824406,6.908380180116361,3.309141399349082,18,0,9.235981836830533,18.795138073771298,0.4914027127962091,16-19,10.1,38.9
8,86.61761457749351,66.35017691080559,1.083765148029836,Rural,Other,0.4065499229591398,1,5.805781401680898,96.98210450785449,17.12798459702459,6.665204056068996,Rural,4.932618963601353,3.85632846489666,4.709852177050559,3.942916675579573,24,1,9.282085562140065,17.84826620408728,0.5200553071095753,24-30,66.4,1.1
9,60.11150117432088,0.5061583846218687,90.53819764192636,Urban,Female,3.737678053593089,2,8.24903253187169,45.37895413836392,28.70391062632705,51.84080219452041,Rural,2.282520045045374,1.5687817019071435,3.002639263356815,3.234317978038953,29,0,9.254516076677415,13.825937041941373,0.6693590494881886,24-30,0.5,90.5
10,70.80725777960456,16.080805141749867,9.128667678613356,Urban,Female,9.365948490553052,4,4.40410360881263,23.605046334646396,27.697446052974787,15.016900081704163,Rural,4.653671105551965,4.886240568606146,2.2862684442069616,4.247501427296751,17,1,18.267121023401767,25.439630036214872,0.7180576524657553,16-19,16.1,9.1
11,2.0584494295802447,54.87337893665861,31.93136375904149,Urban,Male,3.3310460715530175,2,7.49302276105764,7.349674733001265,39.65023974808753,73.74337687214856,Urban,5.78685992340487,2.2454657241277944,1.6257847286886982,4.761053399245452,19,0,13.878959394203338,17.750209847019832,0.7819039613513946,16-19,54.9,31.9
12,96.99098521619943,69.18951976926932,95.0061967050805,Rural,Female,2.6411665689731647,1,6.07529834171774,16.975790508754073,5.135771578165009,51.22219208126745,Urban,1.2225987547661346,1.6559406275074142,6.094385531021578,0.079390569022685,15,0,3.9431558927619843,11.693482051290976,0.337209727219503,10-15,69.2,95.0
13,83.24426408004217,65.19612595026005,95.0607146937556,Rural,Male,2.5521694120947154,3,7.725493106604863,51.977394855601766,4.1643859753666534,68.02277792083532,Rural,3.139977787168448,4.1325810275678325,3.092324054584223,3.712761275628031,17,0,9.404908474891194,16.62981355704325,0.5655450340817513,16-19,65.2,95.1
14,21.233911067827616,22.42693094605598,57.34378881232861,Rural,Other,6.182084188881751,0,4.274452202875077,33.70031764312863,28.973552685149645,4.167290060238427,Urban,1.7228277485074532,0.0440463932833665,4.090203697606009,7.707993927100707,29,0,15.61290586448991,19.747155955379284,0.7906407332665456,24-30,22.4,57.3
15,18.182496720710063,71.2179221347536,63.183721216979926,Rural,Male,11.706495788193076,3,9.22922083691426,82.88833658826094,23.135476680256364,8.479201604580322,Urban,4.757126514203036,0.0613122611938026,3.9386038400094554,4.15225824103639,22,1,20.6158805434325,24.615796644635758,0.8375061283228908,20-23,71.2,63.2
16,18.34045098534338,23.724908749680008,44.84455219783198,Urban,Male,5.5078678562041565,4,9.840933815064382,43.08875236618059,10.966426662392234,71.63233880626822,Rural,3.465560195286945,1.7525504728148622,4.61823223386505,5.4203381396716255,25,0,14.393766191162726,20.764548897842637,0.6931894481299417,24-30,23.7,44.8
17,30.42422429595377,32.539969815926774,29.321077169806458,Rural,Male,6.687664426680575,0,9.813267131714149,24.871427258762992,3.176774759559464,7.208433599867337,Urban,3.8074945053018223,0.2937709000065691,6.924617164996418,2.4949108633350656,22,0,12.990069795317464,20.20845786032045,0.6428036164413922,20-23,32.5,29.3
18,52.475643163223786,74.64914051180241,32.8664545369916,Rural,Male,10.327584214688809,4,8.497910990457548,61.714498660403,3.4263299838572214,7.12567277652586,Rural,4.787484957695364,0.864206033045531,7.845914748667435,6.1919310252221,29,0,21.30700019760627,30.017120979319238,0.7098282414321501,24-30,74.6,32.9
19,43.194501864211574,64.96328990472146,67.25184560770384,Urban,Other,6.4208366272039035,1,4.780517440783791,70.67772168854458,35.76763498656473,1.210847523488745,Rural,2.3758228359747293,2.7108851947100128,3.2606736685905355,6.183371855008921,27,0,14.980031318187553,20.9515901814881,0.7149830246022685,24-30,65.0,67.3
20,29.122914019804192,84.9223410494178,75.237452943768,Urban,Other,2.213554457026273,0,8.549579175574136,16.704190790094987,7.674692988749716,95.65013982994802,Urban,5.490540410442259,6.420685436638503,6.6201513768504245,4.170368381233112,18,0,11.874463248701645,24.915300062190575,0.4765932266142506,16-19,84.9,75.2
21,61.18528947223795,65.76128923003434,79.15790437258485,Urban,Female,3.5951509411977245,4,4.147521498752809,16.761921628831765,12.93486248462083,73.75083594590069,Rural,3.1981732034768395,4.576389146954407,6.116222357237741,7.808110586233709,16,0,14.601434730908274,25.29404623510042,0.5772676540238918,16-19,65.8,79.2
22,13.949386065204184,56.830860333547164,78.96181427945538,Rural,Other,3.719243115223331,1,4.1327413091739835,3.667142693354297,9.06625608907952,35.32514085020642,Rural,0.947728937012088,4.101341807651331,4.588231611644586,1.004401718101227,27,0,5.671373770336646,14.360947189632563,0.3949164143177768,24-30,56.8,79.0
23,29.214464853521815,9.367476782809248,9.120610304869036,Urban,Other,4.767817385491174,3,5.941661314897248,73.64020150656405,14.199852233277491,29.65355812876552,Rural,4.1753947090128145,2.347910585664973,7.648377148895465,0.1355813191166479,22,1,9.078793413620636,19.075081148181074,0.47595044776448325,20-23,9.4,9.1
24,36.63618432936917,36.77158030594335,49.442030470258146,Urban,Female,5.121466864040993,1,6.931859142427994,66.38045276218051,2.7769537098437347,34.97032297458495,Rural,4.759568102629526,7.454029755462531,1.6037961242272225,6.161265694056768,22,0,16.042300660727285,25.10012654041704,0.6391322623372218,20-23,36.8,49.4
25,45.606998421703594,26.520236768172545,5.755876001664428,Urban,Other,9.597384264891232,2,8.62244450684676,47.46308757498139,20.762391636330815,77.46535311811819,Rural,1.90057006240516,3.1761203298975333,0.8741136824769713,6.45724429891906,24,1,17.955198626215452,22.005432638589955,0.8159439044487684,24-30,26.5,5.8
26,78.51759613930136,24.398964337908357,54.95288823237355,Rural,Male,4.192643988591996,1,8.099772259639032,84.41704489691972,2.704502543688596,66.13706110704143,Urban,5.143075541992518,0.6967421343661719,6.831695735643377,0.96165783296461,18,1,10.297377363549124,17.82581523355867,0.5776665599093276,16-19,24.4,55.0
27,19.967378215835975,97.30105547524455,44.1530501373377,Urban,Male,5.618781941296552,1,6.67541623826049,80.56701529500532,32.014260312894464,18.519556786746794,Urban,5.436859528594598,4.93653212894241,3.5131985330699864,2.1246626636688486,17,1,13.180304133559998,21.630034795572396,0.6093519616648035,16-19,97.3,44.2
28,51.42344384136116,39.30977246667604,88.77041827582998,Rural,Female,7.499711844612627,2,5.641759997689995,58.535436439675216,9.34848327641732,17.410933533408436,Rural,1.6614269242668536,0.9107071478128111,6.775750833656484,0.1404189069330312,16,0,9.30155767581251,16.988015657281807,0.54753644354133,16-19,39.3,88.8
29,59.24145688620425,89.20465551771133,35.09150125520787,Rural,Female,4.532711369282032,4,9.982747000946269,86.82712805132586,21.600476584180424,9.839564971339732,Rural,5.901128836291332,2.7617851424135367,7.1447216415633195,2.3464688862445175,23,1,12.780309091817882,22.68681587579474,0.563336395983783,20-23,89.2,35.1
30,4.645041271999773,63.11386259972629,11.706701642760589,Urban,Female,10.038777759507994,4,6.557087813415838,20.584121003676824,35.20316350245833,66.03027197013381,Urban,0.8442691682925505,4.059295509742471,0.4996607489525715,6.185134991349372,15,1,17.068181919149914,21.627138177844955,0.7892020561756397,10-15,63.1,11.7
31,60.75448519014384,79.48113035416485,14.299168205283586,Urban,Male,7.049443250808892,1,6.708322145978053,11.191961939772789,26.03509476188777,76.43726622217359,Rural,1.2120940104149398,6.9937801974814064,7.0677181038884855,4.143684221700632,21,1,12.405221482924464,26.466719784294355,0.46871019846916806,20-23,79.5,14.3
32,17.052412368729154,50.26370931051921,76.15106317174723,Rural,Other,3.5285361506516586,2,4.981742927150015,26.974961151698963,21.318311462053412,26.5046428325004,Urban,1.1053490354281568,3.94837264272095,3.5865524429553775,2.7847647453463047,19,0,7.4186499314261205,14.953575017102448,0.4961121285673418,16-19,50.3,76.2
33,6.505159298527952,57.69038846263591,61.82180633162611,Urban,Male,8.56871039747794,2,8.768857292499575,5.708685608931486,12.973350124615024,2.094496103091281,Rural,5.363938260047222,5.618070128253314,4.083459912033858,2.9739143592506423,22,0,16.906563016775806,26.60809305706298,0.635391757707644,20-23,57.7,61.8
34,94.88855372533332,49.25176938188639,10.112267612279023,Urban,Female,6.3317727617374295,3,8.162093354688931,53.1169528001032,13.320076522327916,8.217166747642734,Rural,3.925755313949771,7.942534711992563,5.012740088745682,0.0108290057237452,18,1,10.268357081410945,23.223631882149192,0.44215121620592435,16-19,49.3,10.1
35,96.56320330745594,19.52429877980445,8.410680611499743,Rural,Other,6.413470695086962,4,5.324617676732562,93.66056922949616,26.779478207927603,96.78600348450304,Rural,0.9126256993336372,1.051912959183853,7.411060853840694,2.398404220521887,21,1,9.724500614942487,18.187474427967036,0.5346811979561625,20-23,19.5,8.4
36,80.83973481164611,72.24521152615053,70.096913145912,Rural,Other,5.773055380651032,0,4.494286273695057,3.9343540668509647,39.7655744488467,29.544477747742025,Rural,2.6419405102100937,2.197852204156156,0.1529287554381122,5.171669933103444,27,0,13.58666582396457,15.937446783558837,0.8524995257070068,24-30,72.2,70.1
37,30.46137691733707,28.07723624408558,7.276300636419353,Urban,Male,5.964143385854988,4,8.082995812448278,12.21099140100268,26.473567593975144,76.92231478381336,Rural,3.691788150418813,3.1566086047811712,3.814747746542537,7.793555550530857,19,1,17.44948708680466,24.420843438128365,0.7145325316471544,16-19,28.1,7.3
38,9.767211400638388,2.431596643145384,82.18600592903562,Rural,Female,9.184275372794888,4,7.927067285686811,45.21990282834353,22.311336694800996,62.46635688542638,Rural,0.5007845099362997,3.374625428310651,5.501776339444485,6.776486615871196,29,0,16.461546498602385,25.33794826635752,0.6496795370152055,24-30,2.4,82.2
39,68.42330265121569,64.54722959071678,70.62422271564962,Urban,Male,1.2357777519757862,3,5.639557161989256,93.38750175279048,29.226020409569845,38.19396396528959,Rural,5.294498210444033,3.288168602124366,5.781655661585828,0.188759717164233,28,1,6.719035679584052,15.788859943294245,0.42555546782449755,24-30,64.5,70.6
40,44.01524937396013,17.711067940704893,8.134878064189976,Urban,Other,4.012353735725786,0,9.705181373502462,31.61561049767505,18.608224491348725,20.56872621955551,Urban,4.821621212649211,7.260888020452439,5.540259452296864,7.188484837398715,19,1,16.022459785773712,28.82360725852302,0.5558797565504553,16-19,17.7,8.1
41,12.203823484477883,94.04585843529144,8.483771408519193,Urban,Male,0.9060403656466708,3,4.906347350685401,50.723480868839246,2.4056937040314086,12.138641815940645,Urban,3.0312406414598296,5.7122611557348515,1.0754810352649748,6.2655873063890075,28,1,10.202868313495507,16.990610504495333,0.6005003946618668,24-30,94.0,8.5
42,49.51769101112702,95.39285770025872,98.66395785011754,Rural,Male,9.03895464896941,0,6.594008806255611,4.15728590503921,22.49187263511639,61.50129680388666,Urban,5.802759691555023,4.86324171272563,2.39516470697345,6.243008988567843,23,0,21.084723329092277,28.34312974879136,0.7439094946806782,20-23,95.4,98.7
43,3.4388521115218396,91.48643902204483,37.427079575612034,Urban,Female,3.2676222566435933,1,9.661695521005594,14.834320096208886,38.305011380215205,77.4633780637788,Rural,2.5065658756505984,2.4749817429022567,2.8697242033361077,3.663966072028572,23,0,9.438154204322764,14.782860150561127,0.6384525124500018,20-23,91.5,37.4
44,90.9320402078782,37.01587002554444,37.06421470668909,Urban,Female,10.769164917826611,0,6.518363901556734,98.66301229588468,7.012117694306386,64.39042535411306,Rural,5.904661914218987,6.5903230737703575,6.43549766143604,3.1840423436360226,27,1,19.85786917568162,32.883689910888016,0.6038820226530157,24-30,37.0,37.1
45,25.87799816000169,1.5456616528867428,81.27995672575025,Urban,Other,6.3189415999115255,3,7.8311556859845135,96.51186964360456,27.60019563282663,53.030213324915835,Rural,4.007519992821763,7.640484091879912,2.230078979316424,2.423325830665541,23,1,12.749787423398828,22.620350494595165,0.5636423461451325,20-23,1.5,81.3
46,66.2522284353982,92.83185625877252,94.72485773838586,Rural,Male,9.608997257833453,4,6.385566387776766,0.4939980934409615,8.037347546362259,4.195122343163627,Rural,3.8080276395236488,6.569586260401812,1.685639710937625,0.5255588716349262,26,0,13.942583768992028,22.197809740331465,0.628106283101417,24-30,92.8,94.7
47,31.171107608941096,42.81841483173143,98.6001063822871,Rural,Male,11.747177227391534,0,5.64529121409202,95.18117854232388,21.43310737892325,96.84887775943838,Rural,0.99572937177471,0.0125208415317832,7.659584152304769,1.8258829079495928,20,1,14.568789507115836,22.24089450095239,0.6550451244886746,20-23,42.8,98.6
48,52.00680211778108,96.66548190436696,75.33781852589416,Rural,Male,10.077466313478848,0,9.90386588775897,63.91199378155004,3.867057985868785,79.87141916545745,Rural,5.291566549827864,5.091210961467256,0.0709062809077512,1.972829079824197,20,0,17.34186194313091,22.503979185505912,0.7706131346895416,20-23,96.7,75.3
49,54.67102793432797,96.36199770892529,37.62595855309158,Rural,Other,10.403925120138284,2,6.456004037890258,86.79182945200222,18.01483745032741,29.282203670096475,Rural,2.564938127523691,0.4090830515368058,7.982566845455826,3.8726165576816127,19,1,16.84147980534359,25.233129702336218,0.6674352331246614,16-19,96.4,37.6
50,18.485445552552704,85.300945546736,8.350071669866876,Rural,Other,4.895813944378137,4,9.364595222074806,45.47398556338591,30.246533155809843,97.99703293588506,Urban,0.973400434694876,2.060857762669775,5.414570390859165,5.979555252773552,23,1,11.848769631846565,19.324197785375503,0.6131571288725723,20-23,85.3,8.4
51,96.95846277645586,29.444889206958567,77.71469159274368,Urban,Female,6.620671143112077,1,5.3797276353465175,51.55960285792502,13.902860969559285,60.18815896363221,Rural,0.0756451198545542,0.4761976027821735,6.6277543955929366,3.790478627183573,24,0,10.486794890150204,17.590746888525313,0.5961540437484713,24-30,29.4,77.7
52,77.51328233611146,38.50977286019253,55.840424973580504,Rural,Female,3.0466627685196515,3,5.2786282241505,48.88465802569202,26.59646897948872,58.24226582072465,Urban,3.358534101830295,4.830363623595102,2.3569551707695453,0.4627555955772848,22,0,6.867952465927232,14.055271260291878,0.4886389126711603,20-23,38.5,55.8
53,93.9498941564189,85.11366715168569,42.42220092469763,Rural,Female,2.3533571963214337,1,4.186804497307068,66.68642575461044,31.817998431589167,74.8073179429532,Urban,3.1643977327360577,5.492719307940854,0.1145222213364798,7.662318407905631,21,0,13.180073336963122,18.787314866240457,0.7015410893361259,20-23,85.1,42.4
54,89.48273504276489,31.692200515627768,90.6354385094736,Rural,Male,6.066094549272405,4,7.91000095225531,13.96512547563129,37.087112779178106,81.17697880901376,Rural,4.316121734214951,0.9159011045272408,5.90295614849224,7.541794552752898,21,0,17.924010836240253,24.742868089259733,0.7244112029203528,20-23,31.7,90.6
55,59.78999788110851,16.94927466860925,11.119748230615134,Urban,Male,7.140587756405047,0,6.211158062342567,2.9973589872677953,9.385683274218142,65.64786073315027,Rural,5.341548318106813,3.070711064359836,6.673156776005406,6.281516345187267,20,1,18.763652419699127,28.507520260064368,0.6582000906611567,20-23,16.9,11.1
56,92.18742350231167,55.68012624583501,49.262510429085914,Rural,Female,4.071254950754291,0,9.186149499037825,30.79299415911909,15.972636632372325,12.809574636620004,Urban,0.4764395078581771,3.649892071644336,5.923809055628153,7.930623212513765,19,0,12.478317671126232,22.05201879839872,0.5658582910346662,16-19,55.7,49.3
57,8.84925020519195,93.6154774160781,1.1353644767419069,Rural,Male,6.833322213162004,4,6.839259440149343,70.46807627366466,6.096640533216697,33.82675059944984,Urban,4.388978942042174,2.9524241740873327,1.1428022984067088,4.355858662402103,27,1,15.57815981760628,19.673386290100325,0.7918392689440167,24-30,93.6,1.1
58,19.59828624191452,69.6029796674973,46.86606419941263,Urban,Female,10.649525790162036,0,9.80916056748833,20.18534521229484,39.699340086335006,92.80836403260496,Rural,1.1244716645854933,0.9682000038815444,6.027423378055753,7.702146802025648,18,0,19.47614425677318,26.471767638710475,0.7357326689545514,16-19,69.6,46.9
59,4.522728891053807,57.0061170089365,5.630327568183735,Rural,Other,6.680659017400393,0,5.113153094218727,67.34324333249174,37.08003871697181,22.461561184385193,Rural,5.149062318942984,3.3515823214998033,6.151382256861128,0.6048403249340062,17,1,12.434561661277382,21.937526239638313,0.5668169476105156,16-19,57.0,5.6
60,32.53303307632643,9.717649377076851,11.881791626807193,Urban,Female,8.649757155726078,0,9.211739007733664,96.99120461072704,21.598285211222382,37.21670238375133,Urban,4.914381083169936,6.009424382467345,5.268324125360439,2.9254459860909705,17,1,16.489584224986984,27.76733273281477,0.59384833191054,16-19,9.7,11.9
61,38.8677289689482,61.500722669916975,11.752624677710488,Urban,Other,9.66377960829486,3,8.65958111675045,9.39007157894184,33.68133177505685,43.2076882944196,Rural,3.2447625299132663,0.5680613162660437,6.12892746236469,1.803050144054127,20,1,14.711592282262254,21.40858106089299,0.6871820341767484,20-23,61.5,11.8
62,27.134903177389592,99.00538501042632,64.92103021160635,Urban,Male,11.864745383465314,3,8.625531067864312,67.26021182251263,20.838319090881686,43.940498969445215,Rural,4.261456791739869,0.6414401126552276,6.767371517421857,1.5666646730741602,29,0,17.692866848279344,25.10167847835643,0.704847959212559,24-30,99.0,64.9
63,82.87375091519293,14.008401523652402,74.60448792654233,Urban,Female,7.2383688261237555,2,9.068699368701326,44.37502193045712,24.94342752011039,61.29395824945255,Rural,1.8861006791024904,2.8381703346878737,4.908832913899667,1.1264235911414089,18,0,10.250893096367655,17.997896344955194,0.5695606253027997,16-19,14.0,74.6
64,35.67533266935893,51.832965236373674,58.33687650971597,Urban,Male,9.682201787551032,1,8.566143945657993,86.81422543775054,3.5649772846406647,94.30758377447076,Urban,2.8270073935968876,7.5338056929514,0.7088377117574325,4.979309132527973,26,1,17.488518313675893,25.731161718384726,0.6796629901548703,24-30,51.8,58.3
65,28.093450968738075,87.73730719279554,96.2172548474542,Rural,Other,11.551791822658496,4,7.7573219297884926,17.71497894473859,30.210816819872317,24.069271183250496,Urban,4.92982138626283,5.348581173783312,3.901022477337687,6.2505748459784405,26,0,22.732188054899765,31.981791706020765,0.7107853200926293,24-30,87.7,96.2
66,54.26960831582485,74.07686177542044,37.48705795237041,Urban,Other,11.332916706927282,4,4.787469266094325,69.26259522261645,5.108539345409393,12.150137630091804,Urban,2.755591183039283,5.429359653380518,0.6211946773728405,4.626387195362885,20,0,18.71489508532945,24.76544941608281,0.7556856639627908,20-23,74.1,37.5
67,14.092422497476264,69.7015740995268,28.57120862818607,Urban,Other,1.6929821853325628,4,4.1951570769475115,83.81152896481102,33.04270521010113,19.747048985993732,Rural,2.1467895919526505,2.89535992670292,3.2603442482594467,1.1757016767056774,17,1,5.015473453990891,11.171177628953258,0.448965509329283,16-19,69.7,28.6
68,80.21969807540397,70.24840839871092,86.85991281894603,Rural,Male,4.876707699282264,2,9.52508708689412,94.46142194740231,31.281123506815437,88.69249002092695,Rural,2.965274683501799,4.749286329668307,3.256851913005021,6.488990159467767,29,1,14.33097254225183,22.33711078492516,0.6415768216506988,24-30,70.2,86.9
69,7.455064367977082,35.94911512197552,22.359583851945263,Urban,Male,3.887880733281595,3,7.699901887124428,68.32480282896458,28.34978790971906,64.5810812655206,Urban,4.96949551462331,0.081049472221947,0.5280787531219326,5.087637657309828,18,1,13.945013905214733,14.554142130558613,0.958147431852756,16-19,35.9,22.4
70,98.68869366005173,29.359184426449335,96.32225394406112,Rural,Male,1.043100179404192,2,8.779223745857058,49.71747640084273,1.4464152209904846,28.590678923916013,Urban,2.0112482842252364,5.088768371276338,2.7905642717558345,3.105325649015964,29,0,6.159674112645392,14.039006755677566,0.4387542665833063,24-30,29.4,96.3
71,77.22447692966574,80.93611554785136,1.215447468981634,Rural,Male,7.598889298931526,4,6.8891341090753,61.78472402012139,12.125134237813144,81.59469389686173,Urban,1.0425695588144628,7.306295580609894,0.8879847903305187,5.393042364288504,23,1,14.034501222034493,22.228781592974904,0.6313661935690573,20-23,80.9,1.2
72,19.87156815341724,81.01133946791808,96.98788267076392,Rural,Other,8.830855358352029,1,4.703849133774367,86.89049844787182,10.524502796433715,86.1369996363436,Rural,4.272084121984685,4.9005877467585535,6.465881680073777,2.0792398339426628,19,1,15.182179314279377,26.54864874111171,0.5718626007043864,16-19,81.0,97.0
73,0.5522117123602399,86.70723185801037,4.315991195057611,Urban,Other,10.177537145602605,0,4.751114753215303,57.060974663882966,14.405456298860765,84.6514338690278,Urban,4.955869276248491,6.98958874773076,7.581504207715766,2.761537667953684,27,1,17.89494408980478,32.466037045251305,0.5511896652142277,24-30,86.7,4.3
74,81.54614284548342,91.32405525564712,89.11431136980711,Urban,Female,1.473322675952502,3,8.113391723373828,3.038705969683686,3.5057098705535417,91.89265336395545,Urban,0.6038248711412,5.7917844437287505,0.5785318020635088,7.339886745055922,21,0,9.417034292149623,15.787350537941883,0.5964923797389295,20-23,91.3,89.1
75,70.68573438476172,51.13423988609378,52.77011090862999,Urban,Female,10.517328910503526,3,6.581835369396776,93.09486955069778,37.47831292124251,25.22410201733616,Rural,1.4392446765356683,0.964467331229522,7.640921658333611,2.324036045371363,24,1,14.280609632410558,22.88599862197369,0.623988923022097,24-30,51.1,52.8
76,72.90071680409874,50.15162946871996,99.29647961193004,Rural,Male,7.715106763371039,2,5.20314836020202,68.95267510315611,22.15208962849505,75.50419287462783,Rural,0.8518319385659634,7.219626458286734,4.180612794693961,3.7599061452634928,16,0,12.326844847200494,23.727084100181187,0.5195263267561125,16-19,50.2,99.3
77,77.12703466859458,79.82951789667752,7.379656473539886,Urban,Other,8.447353621662113,3,6.949567280448621,67.65133857772466,12.22097242632094,46.053949727414,Rural,2.087648469493,0.5315507548461991,2.396525423630991,7.121129099168117,28,1,17.65613119032323,20.58420736880042,0.8577513272182008,24-30,79.8,7.4
78,7.4044651734090365,64.99639307777652,55.38542844013208,Urban,Other,10.927488042483647,4,4.385253622450804,21.567515239771716,15.879260682971337,84.19985528900615,Urban,2.702105873432476,4.27173978038211,0.6148966022093081,5.66177080214022,28,0,19.291364718056343,24.178001100647762,0.7978891488072395,24-30,65.0,55.4
79,35.84657285442726,70.19668772577033,96.9302535619099,Urban,Other,7.497135252519013,4,7.491828411486392,65.88854702326572,17.888101620193424,72.84906771616131,Rural,4.492958021779839,1.137096990347661,4.004994144563343,0.497625809317622,19,0,12.487719083616474,17.629810218527478,0.708329751076555,16-19,70.2,96.9
80,11.586905952512971,79.57926694361011,52.30978441701488,Rural,Female,4.0303902857980205,2,5.613960426610586,39.386440565415846,24.023773334424693,77.64474464997247,Rural,3.9068855092900447,0.0936528858472325,6.3561243559259895,1.1784243542317627,23,0,9.115700149319828,15.56547739109305,0.5856357579200273,20-23,79.6,52.3
81,86.31034258755935,89.00053418175663,62.93986381352625,Rural,Female,9.901287977071917,4,8.785354603823128,65.12329770414921,20.62717710785991,65.61618376810715,Urban,3.7255714048705872,3.376274081021112,5.656691818133585,0.0627327261753345,25,0,13.689592108117838,22.722558007272536,0.6024670331454924,24-30,89.0,62.9
82,62.329812682755794,33.79951568515358,69.57486889846172,Urban,Other,4.356710546341086,1,5.862171753541443,10.659303030799071,36.775678928576696,17.742876946970686,Rural,2.1142496796579264,2.36032566123325,0.4018080917117901,5.047374321833307,17,0,11.51833454783232,14.280468300777358,0.8065796096620528,16-19,33.8,69.6
83,33.08980248526492,37.5582952639944,45.454106476777326,Urban,Other,0.4107373298463495,2,6.731320894490807,65.7845304603036,19.87853931623321,54.502691889693835,Urban,5.04868531850856,3.888003950380824,0.5832146829432281,3.5813874032833466,28,0,9.040810051638257,13.51202868496231,0.6690934620128417,24-30,37.6,45.5
84,6.355835028602364,9.3981939840869,62.75580800840635,Urban,Other,9.967854078782995,1,4.069723239448604,99.94137257706666,39.6863205929325,98.4669739524508,Urban,2.8277230043889876,4.617599093876406,3.222986261061097,1.0741988072182045,23,1,13.869775890390187,21.71036124532769,0.6388551408086366,20-23,9.4,62.8
85,31.09823217156622,57.8280140996174,58.43143119231002,Urban,Female,4.142305738575307,0,4.434681326767353,4.821203886055603,34.05699830980383,93.73880664971188,Rural,5.874629628090927,0.3499125784715788,2.362323952383546,7.663472968454164,28,0,17.680408335120397,20.39264486597552,0.8669992760291529,24-30,57.8,58.4
86,32.518332202674706,3.594227379674209,90.11580104909888,Rural,Other,9.286014278416085,1,6.354961338440109,97.71741842213171,8.340420574293432,4.317373579701167,Rural,3.804852829774421,0.9840263609899652,1.8590745844483827,4.237277791564959,25,1,17.328144899755465,20.171245845193813,0.8590517924743963,24-30,3.6,90.1
87,72.96061783380641,46.55980181324602,4.5446380341457875,Rural,Other,4.353094735991345,0,6.879633008302741,40.690796072287064,37.22380858575665,16.481481572943714,Rural,0.7575884493870164,4.469139171603403,2.2480359912697088,1.9351463529031137,29,1,7.045829538281475,13.763004701154586,0.5119397755993207,24-30,46.6,4.5
88,63.75574713552131,54.26446347075766,28.096318959223034,Rural,Male,10.332816239696658,0,7.600123288715823,87.07534503372591,4.654655915419044,13.172877345456191,Rural,4.057065372452604,2.745338825381266,6.427861946375077,4.00482856923766,20,1,18.394710181386923,27.567910953143265,0.667250783443552,20-23,54.3,28.1
89,88.72127425763266,28.65412521282844,95.04114840765588,Rural,Male,2.6341263009715044,1,5.749975472255819,78.23854840582734,32.697988339647665,72.59799099852955,Rural,1.950624092590194,5.833387900395584,7.433824429054831,5.436962661880862,18,1,10.02171305544256,23.288925384892977,0.43032097401726527,16-19,28.7,95.0
90,47.22149251619493,59.08332605690107,89.02637838909163,Urban,Female,11.69456718238644,2,8.169891316759255,56.70162609866678,15.224931739063203,81.77853298569451,Rural,4.117963180116584,5.218333188735517,3.2408215562205314,0.6099137437885158,21,0,16.42244410629154,24.88159885124759,0.6600236666651388,20-23,59.1,89.0
91,11.959424593830173,3.050024993904943,45.56567527857129,Urban,Other,9.35710529745637,4,9.160734383135228,73.84492092513266,35.11897281780278,21.35113663106719,Urban,0.4178468889744344,6.764834903919255,7.248888017059976,2.197630520383136,22,1,11.97258270681394,25.986305627793172,0.4607266180233363,20-23,3.1,45.6
92,71.3244787222995,3.7348188749214417,62.013259780153675,Urban,Other,1.370855111044762,4,8.679105933360098,87.8515561301348,34.72226760429801,50.5852692951829,Urban,1.0492886230557563,5.539942613353802,2.5719656099830557,6.455723927071949,20,1,8.875867661172467,16.987775884509325,0.5224855638262876,20-23,3.7,62.0
93,76.07850486168974,82.26005606596583,27.738118298113267,Rural,Male,6.789319439598726,0,4.237712952090143,40.4140321651033,32.23701600470485,84.07030280112,Rural,5.1344235534347185,3.439448619121185,3.811495890750333,3.67731896322129,19,0,15.601061956254735,22.85200646612625,0.6826998749269715,16-19,82.3,27.7
94,56.127719756949624,36.019064141126286,18.81211597237613,Urban,Female,11.824407746900816,0,6.883041683546974,32.70331615632387,31.601217452282455,73.28015447662506,Urban,1.363077342141089,5.383732979155459,1.8082319825279976,4.372617136258359,20,1,17.560102225300263,24.75206718698372,0.7094398254758508,20-23,36.0,18.8
95,77.0967179954561,12.706051265188478,46.36984049399822,Rural,Male,5.652785432325773,2,4.629581070509049,66.75933855635847,12.187165563921631,54.223720549184826,Rural,5.02224675145764,2.203049394043348,5.123808337406752,3.462528017675754,19,0,14.137560201459166,21.464417932909264,0.6586509937352388,16-19,12.7,46.4
96,49.37955963643907,52.224326005480435,35.33522280260528,Rural,Male,2.185285665858999,3,5.452270095175165,80.78459419412586,3.236771322050087,59.03476904587729,Urban,1.6756565307264626,2.4505079902257014,7.831848921398471,0.3511995411440409,22,1,4.212141737729502,14.494498649353675,0.2906027893498287,20-23,52.2,35.3
97,52.27328293819941,76.99935530986109,58.3656111850872,Urban,Male,5.8173404058041545,1,9.91997555960288,76.22851347766158,16.119207150606456,50.83605469162799,Urban,3.857291460352246,6.311881279366347,4.827944768347029,1.3259982385612474,15,1,11.000630104717647,22.14045615243102,0.49685652495058363,10-15,77.0,58.4
98,42.75410183585496,21.582102749684317,7.773463696498483,Urban,Male,6.149491870583059,0,4.854973257409079,79.78136488586345,6.940980599460347,29.754845131882057,Urban,4.164903441058986,3.5713561312126574,2.862512672908391,3.564333109935127,25,1,13.878728421577172,20.31259722569822,0.6832572057313615,24-30,21.6,7.8
99,2.541912674409519,62.28904758190003,97.43948076661664,Urban,Other,8.900243330743987,4,6.993328920708136,43.5583314812933,27.79804355609847,56.50219928590161,Rural,3.0759285188703176,6.38704272414682,5.182539567924227,1.6734837232634223,21,0,13.649655572877725,25.21923786494877,0.5412398124785859,20-23,62.3,97.4
100,10.789142699330444,8.5347464993768,98.62107444796028,Rural,Other,8.386150237930853,2,7.708934405908715,81.78342161750216,13.843989061511422,68.88853020500906,Urban,1.8318640601803875,6.579378989346227,0.9833654277231004,0.3998322292774299,29,1,10.617846527388672,18.180590944458,0.584020979286447,24-30,8.5,98.6
101,3.142918568673425,5.16817211686077,69.81617140197451,Urban,Male,4.830600523163767,1,8.214789823264624,12.020905537060845,39.02440803439659,87.33229158608077,Rural,1.2758662582265767,6.86049870129027,7.109272642123189,6.74919731241459,24,0,12.855664093804933,26.82543543721839,0.47923412553328437,24-30,5.2,69.8
102,63.64104112637804,53.1354631568148,53.60963663441204,Rural,Female,2.616277289929038,2,7.357892100921484,54.448909796084955,25.63888309381328,63.629135397924806,Urban,0.1991361273745573,7.333081886729659,4.024671606238691,7.8495402333129265,24,0,10.664953650616521,22.02270714358487,0.4842707838360908,24-30,53.1,53.6
103,31.435598107632668,54.06351216101065,30.952761628632775,Urban,Female,7.740650013231953,1,4.058625084515102,0.575866049812157,32.899222545374435,76.1121537043158,Urban,1.8236784074443428,3.44788176410637,3.5947979363171365,6.3451429919739155,25,0,15.90947141265021,22.952151113073718,0.693158185229447,24-30,54.1,31.0
104,50.85706911647028,63.742990149820656,81.37950197069486,Rural,Female,5.060447214639382,1,5.9587678494639515,32.45858299002703,5.300986909673937,16.0071634954573,Urban,3.918976743187698,2.5509345465691107,4.6869183076281535,6.830279373637336,16,0,15.809703331464416,23.04755618566168,0.6859600733417425,16-19,63.7,81.4
105,90.7566473926093,72.60913337226616,68.47311725538793,Rural,Female,1.587314533503965,0,7.106269860308268,36.646153487139784,34.4805792909049,46.15574744197899,Urban,5.629828910690896,4.657589972752911,4.99827090231522,1.935817042536363,29,0,9.152960486731224,18.808821361799353,0.48663126256921413,24-30,72.6,68.5
106,24.929222914887493,97.58520794625346,16.26169393448913,Urban,Male,10.806867614836628,2,4.527198994869,39.61726916092554,36.910287620535776,0.9331619827093296,Urban,5.227226893578312,2.9693793875010206,0.5742064498121042,7.685015804105598,28,1,23.719110312520534,27.26269614983366,0.8700207118973908,24-30,97.6,16.3
107,41.038292303562976,51.630034830119534,91.09271844938424,Rural,Other,8.294662291315852,2,6.103761587255084,69.54672066898621,19.482476752757435,24.667886452162303,Rural,4.596388659211815,4.808593334401864,5.460937769787219,1.575405635627427,23,0,14.466456586155093,24.735987690344174,0.5848344027031576,20-23,51.6,91.1
108,75.55511385430486,32.2956472941246,82.2537242923169,Rural,Female,8.198206277345777,4,4.1992186527482,38.85581012703457,24.250117510039097,72.64617151130048,Rural,4.730684059519792,5.644686901150597,1.935453442524237,7.611438482894658,15,0,20.540328819760227,28.12046916343506,0.7304404738192896,10-15,32.3,82.3
109,22.879816549162246,79.51861947687037,94.9799913291924,Urban,Male,9.871006510940088,4,4.471470982930125,44.86936226225306,30.59239203611982,99.18099513493634,Urban,3.9899094208559713,5.507240147937095,5.711621060052718,7.958554351727608,25,0,21.819470283523668,33.03833149151348,0.6604289411264128,24-30,79.5,95.0
110,7.697990982879299,27.083225126207424,72.571950838836,Rural,Female,6.355940143860973,0,6.381539657209577,23.754413087432745,6.993545090416502,9.917809958721593,Urban,1.561721145396018,2.996423096160971,6.580278355073574,5.69378244596839,24,0,13.611443735225382,23.188145186459927,0.58700010827832,24-30,27.1,72.6
111,28.9751452913768,43.89714207056361,61.34151959357899,Urban,Female,9.780653140829486,0,4.796294524258363,37.325179162934006,20.102643058537694,40.14943158612883,Urban,5.44317018423498,1.3348816135900226,6.431668060420162,7.849149854334575,20,0,23.072973179399042,30.839522853409225,0.7481624566330924,20-23,43.9,61.3
112,16.122128725400444,7.845638134226595,41.82430362906189,Rural,Male,5.977089042132069,3,7.405245089569349,22.726962726315147,15.946521110892524,80.00709686991596,Urban,4.024393871435004,3.4442347076976603,4.420007739263113,4.556318236536829,23,0,14.557801150103902,22.422043597064675,0.6492629044753842,20-23,7.8,41.8
113,92.96976523425732,2.535074341545751,93.27284833540132,Urban,Other,0.806104798988521,4,8.136789814823594,7.319592376844364,5.8549596864899645,20.403563462889885,Rural,3.3626437858826397,1.14075315265527,4.161359138486009,2.0763342654087227,15,0,6.245082850279883,11.547195141421163,0.5408311519633047,10-15,2.5,93.3
114,80.8120379564417,96.26484146779252,86.60638895004084,Urban,Other,4.862977056332265,1,8.803520194654498,60.34485933813779,14.701376891661258,55.50849493022862,Urban,0.6659368152808864,7.120776281470467,1.1430076907152935,3.495967085324967,18,0,9.02488095693812,17.28866492912388,0.5220114447203567,16-19,96.3,86.6
115,63.34037565104234,83.59801205122058,4.521867010618941,Rural,Male,5.969578727758687,2,5.200901465468861,66.82127985550163,2.7268923754197427,73.30712960296748,Rural,2.682333262838553,2.7670196859028593,6.202769203225085,4.748487483030288,18,1,13.400399473627527,22.37018836275547,0.5990293535452788,16-19,83.6,4.5
116,87.14605901877177,69.59742060936979,2.6366974497252005,Rural,Other,8.64243097958755,0,5.004895493554418,61.94903460096145,1.0324762779794794,61.5985450260179,Urban,2.7621496272115578,1.2356779777865905,2.171275043573715,0.5846524962161199,29,1,11.989233103015227,15.396186124375532,0.7787144820257562,24-30,69.6,2.6
117,80.36720768991145,40.89529444142699,37.64633668780496,Rural,Male,1.2789447615440923,2,4.627407042006402,46.34940438005724,5.40665156619291,18.802473461541613,Rural,5.18738165713602,0.203582079246007,3.973563382543572,4.978746116937969,23,0,11.445072535618081,15.62221799740766,0.7326150830514123,20-23,40.9,37.6
118,18.657005888603585,17.329432007084577,81.0553330781833,Rural,Male,1.680222463925388,2,7.81858149726182,37.978578017922985,38.52460446356695,35.538456868573945,Urban,3.279889321126731,5.166579090291874,2.2741927434201337,7.849422694098356,25,0,12.809534479150475,20.25030631286248,0.6325600354506333,24-30,17.3,81.1
119,89.25589984899777,15.643704267108603,98.72761293149443,Rural,Male,3.1642056316153973,3,8.238854358921406,86.33336495718252,21.98118143580068,78.37917844853972,Urban,2.282403293822458,5.095218539637946,1.0706269039975451,1.520861198269821,19,1,6.967470123707677,13.133315567343168,0.5305187473780603,16-19,15.6,98.7
120,53.93422419156507,25.024289816459532,15.041689110352818,Urban,Other,3.1979807204505866,4,4.189516868953852,51.908178513621806,38.6328864461288,55.42265141320166,Rural,5.860801971063956,2.7248333326503333,5.036461575133893,6.3407609303070664,19,1,15.399543621821609,23.160838529605833,0.6648957723243403,16-19,25.0,15.0
121,80.74401551640625,54.92266647061205,59.41307153521351,Rural,Male,8.78621494150875,0,9.617273477462138,47.9181877629731,17.29991513320528,0.5229613542912737,Urban,0.664323559957894,0.573695110781208,0.4346562785832306,7.263190350236955,20,0,16.7137288517036,17.72208024106804,0.9431019736030904,20-23,54.9,59.4
122,89.60912999234932,71.45959227000624,38.08908566310215,Urban,Female,3.008767926739173,2,4.311827701908834,2.5642065806435688,12.472645323410385,76.09907600280938,Urban,2.535290569871668,3.277031159161856,5.9891618730096,7.5496127425617665,15,0,13.093671239172608,22.359864271344065,0.5855881359688387,10-15,71.5,38.1
123,31.800347497186387,66.01973767177313,96.99143978146031,Urban,Other,7.59717676028937,0,7.247778011806423,34.12478276261564,20.245674513609764,3.531135494023907,Urban,0.2521480510284317,2.4897399605071486,2.5406943620889333,7.681084835243578,15,0,15.53040964656138,20.56084396915746,0.7553391130178292,10-15,66.0,97.0
124,11.005192452767677,27.993389694594285,84.21189231357087,Rural,Other,5.9312862016592565,1,8.254363116705498,38.019561878585705,17.580467545316406,74.57337827312321,Rural,4.439424724601582,5.416965117880075,0.0010775440358825,4.1716771097717755,29,0,14.542388036032612,19.96043069794857,0.7285608339867738,24-30,28.0,84.2
125,22.793516254194166,95.4865280663194,83.83287047111378,Urban,Other,6.879532538152808,3,9.225814742476514,39.88227808969005,4.2265873704697565,20.24805601652374,Urban,5.508459313194904,4.846233995621523,4.089033113897838,7.818463263932029,23,0,20.20645511527974,29.1417222247991,0.6933857566621234,20-23,95.5,83.8
126,42.71077886262563,73.78969166957685,46.86931597949703,Urban,Other,10.057283558139549,1,8.284521592794567,58.017236922733225,25.633052587608248,95.80734801193802,Urban,1.6802239773029366,2.91674982558032,0.374815268220825,6.058481657075511,17,0,17.795989192517997,21.087554286319143,0.8439095852885795,16-19,73.8,46.9
127,81.80147659224932,55.43540525114007,41.48195023376652,Urban,Female,4.852578018588291,0,8.81036849841875,53.36025467268784,8.641527300383984,36.79407513020845,Rural,5.150050060794725,1.7431404340399208,2.209356462567196,1.2933714898956952,18,0,11.29599956927871,15.248496465885827,0.7407943199219867,16-19,55.4,41.5
128,86.07305832563435,61.17207462343522,27.340707193070624,Urban,Other,9.250936524771246,0,6.036701155256837,60.79050927934446,24.78351819591318,32.69316163380791,Rural,1.7533093827713866,7.904287729244735,5.655811899645729,3.81520085174376,15,0,14.819446759286393,28.37954638817686,0.5221875838530066,10-15,61.2,27.3
129,0.6952130531190703,41.96000624277899,5.6375496650927115,Rural,Other,5.064432714608248,4,8.888950682479074,76.48832615421283,26.008043695926133,14.888805033244468,Rural,5.464620969863491,3.632012969568919,0.5015169729749269,5.746649402976032,23,1,16.27570308744777,20.409233029991615,0.7974676492512202,20-23,42.0,5.6
130,51.07473025775657,24.773098950115745,86.47223762550531,Urban,Male,4.246456518734993,2,4.480689078308051,81.29857387160935,6.080994125145924,30.560421549021488,Urban,4.523771421580704,5.506193886241896,6.714707938848019,1.978722526552667,29,1,10.748950466868363,22.96985229195828,0.46795905912862834,24-30,24.8,86.5
131,41.7411003148779,35.597267865126156,81.29010091300776,Rural,Other,11.503526127758647,2,9.368899936363166,71.81230762264944,2.4539850844267264,87.66507618282006,Urban,4.829440661048632,1.1244237406268862,0.0305593812686648,5.124921468391099,22,1,21.457888257198377,22.612871379093928,0.9489236416493592,20-23,35.6,81.3
132,22.210781047073024,75.78461104643691,99.97176732861304,Rural,Female,2.2124510481475586,1,7.285554256922417,95.55236959549347,31.23046344273759,99.63343376272474,Urban,0.108039333602727,3.8847175972751824,1.974590953615218,5.332803832372954,16,1,7.653294214123239,13.51260276501364,0.5663819433765108,16-19,75.8,100.0
133,11.98653673336828,1.4393488629755868,99.66368370739052,Urban,Female,1.0840435269312945,3,8.903786619774962,1.823258267636163,18.39201695077281,36.83095305068483,Rural,5.7768621424441555,0.2202937589557239,5.9272324492165716,1.301597950468527,22,0,8.162503619843978,14.310029828016273,0.5704043749694618,20-23,1.4,99.7
134,33.7615171403628,11.607264050691624,55.543170560262745,Rural,Female,9.251831106425742,2,6.713909707109801,19.57779856835461,2.3265518202190316,44.861063095454256,Urban,4.36002595242194,4.0436409432836,2.5301611978344543,4.52068249962205,29,0,18.132539558469734,24.70634169958779,0.733922479456854,24-30,11.6,55.5
135,94.29097039125192,4.600264202175275,76.89874151805105,Rural,Female,0.818996464249099,4,7.86146617117915,0.756287497814212,39.79465268679069,72.2070938202737,Urban,1.8285065723168,7.712139256941619,0.8151391045281082,6.1730152878288616,21,0,8.820518324394762,17.347796685864488,0.5084517927041414,20-23,4.6,76.9
136,32.320293202075526,4.072880231897013,94.4765729882428,Rural,Other,10.044947888436353,1,7.15841596561668,64.7474714154603,2.3112224398546655,88.61957804650746,Rural,4.976367989153082,3.073653703886402,2.881871350403423,3.9911653162875353,25,0,19.01248119387697,24.968006248166795,0.7614737438345885,24-30,4.1,94.5
137,51.87906217433661,85.54605840110072,84.96473906774115,Urban,Other,5.246320756286922,1,8.389537130531991,89.8030548949987,27.801409154342128,59.304433418678414,Rural,1.6891271904895797,0.3119681005992927,2.1631462910762043,0.0968249342088594,20,1,7.032272880985361,9.507387272660857,0.7396640821824039,20-23,85.5,85.0
138,70.30189588951778,70.36578593800236,24.734810174319765,Rural,Female,10.986164127502969,4,4.489779892183537,24.34822965762993,39.34715701053654,39.15256981778293,Rural,5.2365230373967675,0.2476463273547482,6.741695217284439,0.0723077526343374,15,1,16.294994917534073,23.284336462173258,0.6998264667754749,10-15,70.4,24.7
139,36.3629602379294,47.41738290873252,45.05441353100935,Rural,Female,8.658394333462867,3,4.362112503943383,92.70345447963066,9.567204168637025,41.262184084862376,Rural,0.6754823424716221,3.103894079574956,2.506783340681145,2.8562347517600974,29,1,12.190111427694585,17.800788847950688,0.6848073718428478,24-30,47.4,45.1
140,97.17820827209609,9.783416065100148,12.915941515149498,Rural,Other,7.324856004095491,4,5.482619404060879,6.026739028956085,5.689974747487847,69.56181464968068,Rural,4.222115864764774,1.2801994917055524,6.311459774208058,7.409552547454256,21,1,18.956524416314522,26.54818368222813,0.714042235175749,20-23,9.8,12.9
141,96.24472949421111,49.16158751168324,95.40510272587224,Urban,Female,11.391681564693188,3,4.95726808067913,93.44360268055144,4.855397576897156,0.3218263604278681,Urban,3.244190859869462,0.1868167706254873,7.134977158485878,1.8294142368288704,24,1,16.46528666139152,23.787080590502885,0.6921945128468338,24-30,49.2,95.4
142,25.178229582536417,47.34717707805657,60.617463445088006,Rural,Male,4.759792476624652,4,9.23070139955321,35.16226872396344,12.131005902703825,61.95893374598407,Rural,0.5792068211726449,6.049708911601415,3.470539356612236,5.074909510973497,21,0,10.413908808770794,19.934157076984445,0.5224153079838261,20-23,47.3,60.6
143,49.72485058923854,17.320186991001517,22.864280550346272,Urban,Female,11.449043238475596,4,5.315283924148266,10.142082844921651,4.041832440425868,35.54930104413574,Urban,1.451362969553034,3.6681840710551255,7.279545150835136,1.7766069655465646,27,1,14.677013173575196,25.624742395465457,0.5727672476493826,24-30,17.3,22.9
144,30.08783098167697,43.385164923797305,67.17006844058567,Urban,Female,1.6200153290544832,0,9.855191534914788,48.58717591863256,27.68645366776528,79.41973312770843,Urban,0.0744242176638887,2.313958175781236,3.0185444317055428,2.573359917276389,28,0,4.267799463994761,9.60030207148154,0.44454845610250104,24-30,43.4,67.2
145,28.48404943774676,39.85047343973734,61.81282404578958,Urban,Male,5.805059303188953,1,6.0213747506266415,25.677656772050796,2.4916719252025077,9.299063982313216,Rural,2.812607792787035,7.200665464131846,7.712627331920865,6.784336716811872,23,0,15.40200381278786,30.31529660884057,0.5080604689942673,20-23,39.9,61.8
146,3.688694735453279,61.585009805221645,35.81627180328405,Urban,Male,3.2389346687063387,4,5.0927074941321955,28.487290196192284,20.37688512599159,58.82022669483905,Rural,1.8075915645600025,0.9291116816042048,0.7143161962045834,5.830891538159575,15,0,10.877417771425916,12.520845649234705,0.8687446580008565,10-15,61.6,35.8
147,60.95643339798968,63.50936508676438,11.355759219962902,Urban,Other,6.478113346898321,4,8.738191042854876,30.728996492628657,39.86787415411907,48.09728898861238,Rural,3.590144905786553,7.647350631642554,5.496154132025942,0.763194218505685,16,1,10.831452471190559,23.974957234859055,0.45178193083247165,16-19,63.5,11.4
148,50.26790232288615,4.530400977204452,67.15731955927996,Urban,Other,1.9441665346990151,2,7.952246653005257,80.30258978326634,32.558810780240755,64.23255259052274,Urban,1.7834268462517031,2.5117337390188226,3.95051232365543,3.429616167891469,25,1,7.157209548842188,13.61945561151644,0.5255136293986774,24-30,4.5,67.2
149,5.147875124998935,37.46126146264712,52.03077009037933,Rural,Male,10.09835592372052,1,6.989174298718834,53.91612766752545,24.60877752924043,6.485359448296835,Rural,1.7995146690419082,7.10722937846945,3.1011904436451765,0.2333581091621157,23,0,12.131228701924544,22.33964852403917,0.5430357907766729,20-23,37.5,52.0
150,27.864646423661146,62.58599157142364,77.23183917356393,Urban,Male,10.156894191774686,2,7.332181305625787,31.130769915600364,12.250144831464468,57.99837874281313,Rural,4.45915919238962,4.823543011835692,5.061695029988807,3.847121172824072,27,0,18.463174556988378,28.348412598812878,0.651294829741597,24-30,62.6,77.2
151,90.82658859666536,50.31362585800877,52.01635011119934,Rural,Other,11.462835752681748,1,8.315210669633583,61.03337833109184,24.95583345166554,56.14845879595237,Rural,0.2888570158701207,6.6136588779319,5.6308567330746495,5.299472093608545,23,0,17.051164862160412,29.29568047316696,0.5820368254554875,20-23,50.3,52.0
152,23.95618906669724,85.64898411883223,85.21815003185401,Rural,Female,1.8560656905988344,2,5.370728447987792,71.61506742231936,21.081658556466067,56.06600944161709,Rural,5.417369971151923,7.872105305683714,0.0349061572024727,0.9480209887852123,27,0,8.22145665053597,16.12846811342216,0.5097481417775845,24-30,85.6,85.2
153,14.48948720912231,65.8693631618945,55.19068387744856,Urban,Male,7.479990610859889,4,9.978003496340452,27.262400073353376,17.043335355614857,60.34876665964548,Rural,5.113583246347089,2.307243502549966,1.3356247099775898,2.3110795112733253,20,0,14.904653368480302,18.54752158100786,0.803592722800347,20-23,65.9,55.2
154,48.9452760277563,16.29344270814297,56.093797153538624,Rural,Other,5.690847704404435,4,9.8487589728807,41.354910152535155,5.228415069607979,67.64679372263622,Urban,4.006828099358439,7.689083883260744,5.70436840507455,3.1826930040172554,20,0,12.88036880778013,26.273821096115423,0.4902358420064179,20-23,16.3,56.1
155,98.56504541106008,7.056874740042984,87.66536026583451,Rural,Female,4.132604784530798,0,7.901954118081621,12.188609333694757,35.46416860961867,80.49889996807697,Urban,3.559329420644306,3.115855159219363,5.331083308625652,7.356248197248398,18,0,15.048182402423503,23.495120870268515,0.6404811656647384,16-19,7.1,87.7
156,24.20552715115004,64.24192782063156,40.3482866212397,Rural,Male,4.218481933610626,2,5.197254705574871,18.11493495346803,17.9913859528529,26.982072012821433,Urban,5.353814988837914,3.0840952378953785,7.728380041029418,7.946040123383712,18,0,17.518337045832254,28.33081232475705,0.6183492673990061,16-19,64.2,40.3
157,67.21355474058785,2.6511310541621813,13.401522845064074,Rural,Female,4.953522607281027,3,8.081369454587747,68.11178539649828,7.784900472830603,82.5049410180062,Rural,1.111981077172287,2.7230968340360455,6.088302322006264,0.3592903919649268,19,1,6.42479407641824,15.23619323246055,0.42167974495954036,16-19,2.7,13.4
158,76.16196153287176,58.57755812734633,2.8782676313338973,Urban,Other,8.459106596267436,0,4.433190453875055,18.143834769562694,14.710374035091585,49.82556822634536,Rural,0.4738149731449717,4.331260858780682,7.606181661850704,6.088063387963136,17,1,15.020984957375543,26.95842747800693,0.5571906955489105,16-19,58.6,2.9
159,23.763754399239968,94.02302414249576,75.5137255673619,Rural,Male,7.179432699217855,2,4.183915013234836,52.516338366706016,16.565190101157082,7.705827913433117,Rural,1.4370610194572286,1.2331603454278968,5.620324012278456,2.973792531218746,15,0,11.590286249893829,18.443770607600182,0.6284119715259191,10-15,94.0,75.5
160,72.82163486118596,57.5474177875879,62.03095513534647,Urban,Female,5.516178153133573,2,5.546097331067282,70.90462617224327,33.10151582267497,5.85509292439792,Urban,4.767469672201141,4.429691882864089,2.384417669115545,3.1396654898358403,29,0,13.423313315170555,20.23742286715019,0.6632916356637266,24-30,57.5,62.0
161,36.77831327192532,38.816992620652194,70.40797680992236,Rural,Male,0.9112009244354652,0,6.775737740435898,10.687692309474384,29.344575222456083,33.42383186960608,Rural,0.2080216003588999,4.333638499280032,0.8429193780068518,6.0341197867761815,15,0,7.153342311570547,12.32990018885743,0.580162223700322,10-15,38.8,70.4
162,63.23058305935795,64.32882184423532,21.296416150891073,Rural,Female,0.9331841289474848,4,9.209635032450285,56.73122196289035,30.77219574565359,78.48969771114676,Rural,3.4968410105009378,6.09521450083896,6.254590906759485,7.347411457163269,26,1,11.777436596611691,24.127242004210135,0.48813853628842296,24-30,64.3,21.3
163,63.35297107608947,45.825289049151664,13.637147558676975,Urban,Other,0.0280726875093391,2,8.363014418597848,25.656278370136377,0.4412505771458885,70.76809347409157,Rural,5.972625097147859,6.6691996955006845,5.153193771807327,7.607428756020387,29,1,13.608126540677585,25.430520007985596,0.5351100385050881,24-30,45.8,13.6
164,53.57746840747585,54.56167893159349,1.4544665667881929,Rural,Other,11.612392658485035,4,8.456239127199886,96.29268752375798,16.64615992719046,78.86149646724064,Urban,5.134176563025236,3.5235308024993923,0.3854880991463698,4.616980688306566,27,1,21.363549909816836,25.272568811462595,0.8453256204065497,24-30,54.6,1.5
165,9.02897700544083,94.14648087765252,35.058755880659696,Rural,Male,0.0630458227006189,0,6.552960006688452,48.35456467199247,19.253766065412947,51.72690564416094,Rural,3.1286741342615367,2.41866599481195,2.8804037272078267,2.8569692744040225,21,0,6.048689231366178,11.347758953385956,0.5330294074991225,20-23,94.1,35.1
166,83.5302495589238,38.610263780077425,58.991768685463306,Rural,Female,1.2371249521649386,4,6.075609955281777,80.59925497751581,0.7676910729222675,44.01989979554906,Urban,0.381845455719854,2.074679178536756,7.654398523874289,6.300392686870234,15,1,7.919363094755027,17.64844079716607,0.44872876792757194,10-15,38.6,59.0
167,32.07800649717358,96.11905638239142,39.22440450997323,Urban,Male,3.775158681712931,1,6.226232577907616,55.022654215626176,10.392528349801369,14.745252670628394,Rural,4.988241086314259,1.5569906936389757,4.00320916568161,2.008011066098402,15,0,10.771410834125593,16.33161069344618,0.6595436932897332,10-15,96.1,39.2
168,18.651851039985424,90.53506419560637,43.747492202372904,Rural,Male,9.689163021801134,3,9.925897382416348,4.341253285481916,30.4115929248854,32.81927536093116,Urban,3.5938710490632633,0.461180657592199,3.461833088157637,4.512592230668142,17,0,17.79562630153254,21.718640047282374,0.8193711145260812,16-19,90.5,43.7
169,4.077514155476392,19.57911347892964,90.41586944937484,Urban,Female,11.545185429169411,2,4.240655148474895,63.31513755940223,5.484388229159962,43.40193661738753,Urban,0.689597982357401,2.7395838306777067,3.661596841274352,2.8686276921989853,24,0,15.103411103725797,21.504591775677856,0.7023342391836552,24-30,19.6,90.4
170,59.08929431882418,6.9361300875165455,34.82554670233004,Rural,Female,9.480162705502272,3,9.202188976734693,95.14033422066572,21.412405258103668,8.860042967961723,Urban,0.5631437089401372,2.161981537046266,1.6710617920413098,5.253048589663009,29,1,15.296355004105418,19.129398333192995,0.7996255155376975,24-30,6.9,34.8
171,67.75643618422824,10.077800137742663,51.39894891598108,Urban,Female,8.286722789347687,4,7.472052451434361,60.16118201463312,8.6080748806895,22.061195271121125,Rural,5.457760916619554,7.731339086931259,2.9496573669183617,1.9231913031480552,18,0,15.667675009115296,26.34867146296492,0.5946286525731446,16-19,10.1,51.4
172,1.6587828927856152,1.8221825651549728,78.3653012741143,Urban,Other,6.255608008962833,2,6.6316925151375425,81.91888594267903,0.4848309857557309,59.82252940637388,Rural,4.015201577628471,4.461670610000351,2.958506047897413,1.5327435658786062,18,1,11.80355315246991,19.223729810367672,0.6140095220285535,16-19,1.8,78.4
173,51.2093058299281,9.44429607559284,39.65427823212701,Rural,Male,1.0404625423462033,4,8.35154596249082,88.42064633484078,9.64805830398166,73.56631142391899,Urban,4.975720795900533,2.7782163122440604,0.4188401614997792,7.345912693403497,16,1,13.362096031650232,16.559152505394074,0.806931153469212,16-19,9.4,39.7
174,22.649577519793795,68.30067734163569,62.20867002278735,Rural,Male,11.498049516047164,1,6.920013648548217,22.807977194893247,39.03495019640215,99.83475113929497,Urban,5.273873401693604,4.643740807949568,6.140541028143346,0.8144294635962952,15,0,17.58635238133706,28.370634217429973,0.6198787184860531,10-15,68.3,62.2
175,64.51727904094498,7.118864846022898,86.23637087467452,Urban,Other,9.100708967348178,0,9.240539428489964,21.204483990822663,32.06148447531958,93.31133313435576,Rural,3.4306341122899333,1.113573610765564,3.332035455231032,4.047663261879453,17,0,16.579006341517562,21.02461540751416,0.7885521813441713,16-19,7.1,86.2
176,17.436642900499145,31.89756302937613,94.9520623657642,Urban,Female,7.667392624011142,2,9.40421118406755,61.09809888509917,38.383065772841334,64.25651995351916,Rural,3.104678110530248,3.5523499936176233,6.577439094531386,1.7668222637040714,25,0,12.538892998245462,22.66868208639447,0.5531372732855603,24-30,31.9,95.0
177,69.09377381024659,84.48753109694546,14.707348092903793,Rural,Other,9.108430146466198,1,6.5303255612407325,41.10284698067047,19.5141617570545,42.1248053294072,Urban,2.582564461925941,5.009874571368511,6.802784008959163,0.3114397066053396,18,1,12.002434314997478,23.81509289532515,0.5039843584802278,16-19,84.5,14.7
178,38.67353463005374,2.3271935735825866,92.65876251614944,Urban,Other,8.689239951277663,1,5.660966783410309,83.98613028667204,4.38944794710014,63.617736470823274,Rural,1.9016795267467157,3.911182654339611,1.6959524375892645,0.2881505463314111,17,1,10.879070024355789,16.486205116284665,0.6598892800144597,16-19,2.3,92.7
179,93.67299887367344,81.44684825889358,49.21162930795382,Rural,Other,7.646778957473842,2,7.554101971560174,90.00231233980112,21.91837955894772,78.56516180802319,Rural,2.60757576515227,3.214230405234594,5.2588278573610285,1.4017741768466188,22,1,11.65612889947273,20.129187162068355,0.5790660499912117,20-23,81.4,49.2
180,13.752094414599323,28.18547747733999,25.824438829895836,Rural,Male,11.766921602159858,4,9.474180073700143,35.34213793027181,18.175093382398437,11.833619092338733,Rural,4.643277934380938,7.950787111197585,3.7782544333038537,6.934162836048002,28,0,23.344362372588797,35.07340391709023,0.6655858789119062,24-30,28.2,25.8
181,34.10663510502585,11.816482762165624,45.913575623826134,Rural,Other,10.8403657516323,1,5.263973134034,23.687055897448207,33.77428330958464,40.99048896962883,Rural,3.6115405860907894,7.042518097191416,7.041253903371881,2.2598299518162133,24,0,16.711736289539303,30.7955082901026,0.5426679804116208,24-30,11.8,45.9
182,11.347352124058908,69.67371653641507,98.0032575285477,Rural,Male,7.759979029405961,3,7.737799501380897,78.05255152438619,3.923303231369783,83.98022856356172,Urban,5.3551397397290765,4.987247665275521,1.725925433411633,7.603673364602366,15,1,20.718792133737402,27.431965232424556,0.755279177346281,10-15,69.7,98.0
183,92.46936182785628,62.8942846779884,49.26180939928696,Urban,Male,8.318102537483096,1,7.789361320555123,27.48060355481361,19.529645480871128,38.3832951933044,Rural,2.6602800862751264,4.555018889458262,5.422505602480354,4.652978343913548,28,0,15.631360967671771,25.608885459610388,0.6103881792249457,24-30,62.9,49.3
184,87.7339353380981,87.74720135270529,32.875161028750824,Rural,Male,0.61914967990452,4,8.398678134491686,82.26143185136785,6.00194658775937,57.18722712271865,Rural,3.642537472312524,4.965283838596672,4.862016978021781,3.4929135181501287,16,1,7.754600670367173,17.581901486985625,0.44105585940788256,16-19,87.7,32.9
185,25.79416277151556,73.50710438038858,63.34008543167258,Urban,Female,8.03900957460047,4,4.789406110763559,42.37382536487628,12.987037075602398,58.77693608621982,Urban,3.787845318551932,1.610496862579466,2.3624118205746623,4.640710677355637,27,0,16.46756557050804,20.440474253662167,0.8056352003455922,24-30,73.5,63.3
186,65.99840460341791,80.34809303848486,24.014561877819308,Rural,Male,0.5299852525212021,3,8.29494978809253,66.75498992914704,29.494283095511985,18.447625313363936,Urban,3.550182973837953,3.161101946114549,1.092807229209381,4.133587081810142,21,1,8.213755308169297,12.467664483493227,0.6588046477384787,20-23,80.3,24.0
187,81.72222002012158,28.203457257130648,7.586332810866391,Urban,Male,7.059165083639172,1,9.454195123993848,9.55353138346682,19.040725174750666,36.22354416522884,Rural,4.215802638513098,0.3156762631271945,5.2131180838182125,6.070210030058601,18,1,17.345177752210873,22.87397209915628,0.7582932110357282,16-19,28.2,7.6
188,55.52008115994623,17.743954377972283,12.887972191064922,Rural,Female,11.992241994790016,4,5.078098653221452,62.3859324676573,15.035531405830774,33.451128874193216,Rural,1.4246008102488377,3.804368299894614,5.9087796650586455,2.259968527782818,22,1,15.676811332821671,25.38995929777493,0.6174413731413709,20-23,17.7,12.9
189,52.965057835600646,75.06147516408583,12.804583895777244,Urban,Male,6.669678977246155,2,5.425259949543266,45.17676787372291,15.779051142801412,2.6196708532064794,Rural,3.074182665274744,4.344196671661305,2.5250187501068,2.824403132802419,25,1,12.568264775323318,19.43748019709142,0.6465994896398147,24-30,75.1,12.8
190,24.18522909004517,80.6834739267264,15.190269351229436,Urban,Other,5.678521416976,0,9.828370564249838,58.66084631754741,18.377870736239466,2.4191763891355245,Rural,0.625348816850086,1.8219978888256767,5.15866083217851,7.152754420266006,27,1,13.456624654092092,20.43728337509628,0.6584350966376273,24-30,80.7,15.2
191,9.310276780589922,99.05051420006733,13.882717264941014,Rural,Other,3.7542582780670504,0,5.085861716256939,16.801420774486342,31.400661753482275,83.16970436757735,Urban,2.3070679658688755,7.71223077732411,3.161047260892026,7.571652105203244,17,1,13.632978349139169,24.506256387355304,0.5563060360444727,16-19,99.1,13.9
192,89.72157579533267,41.26176769114265,64.08747448032146,Rural,Male,1.4462709454375733,0,9.126310560217474,73.68737449441821,35.68338755760938,27.30708099728124,Urban,2.9260024117275867,7.275636887497936,5.705655066260942,7.140465819891796,20,1,11.512739177056956,24.494031130815834,0.4700222317662048,20-23,41.3,64.1
193,90.04180571633304,37.201808579278314,18.188008439914483,Rural,Female,8.77228405749938,1,6.953667138688209,86.27970775432286,38.21338746015713,51.80787662388154,Urban,3.9133455572728346,5.777145883647247,1.5937221991524249,3.3555839516585086,23,1,16.041213566430724,23.412081649230394,0.6851681882357537,20-23,37.2,18.2
194,63.31014572732679,77.64129607419969,34.56672833238632,Rural,Other,2.311188333427565,3,5.483386446419062,21.673980009077564,31.476135450211803,29.872557358877305,Rural,5.703186315517221,4.267093030122901,7.121720021089395,6.242924024055053,15,0,14.25729867299984,25.646111724212133,0.5559243766196231,10-15,77.6,34.6
195,33.90297910487007,34.08035402530179,89.67884099060119,Urban,Female,1.3833842549674125,4,9.224499407635069,9.571455552016172,12.616275829920507,94.06792451153404,Rural,3.603906399290135,6.95975327718148,2.299276771724638,3.8106858664087904,15,0,8.797976520666339,18.057006569572458,0.48723338980734787,10-15,34.1,89.7
196,34.92095746126609,93.07573256035649,47.39616402628724,Rural,Female,5.06115191676615,2,6.671831530015993,2.3638586046336396,27.525388243461684,25.929675886577375,Rural,4.461563497059359,1.0452187505877033,2.942287902049223,3.9803188171688175,22,0,13.503034230994327,17.490540883631255,0.772019248623198,20-23,93.1,47.4
197,72.59556788702393,85.84127518430118,66.75577385210272,Urban,Other,9.54410205550917,2,7.088904123578141,64.1971500443266,17.504124962215677,42.96568127389351,Rural,3.0375963569712168,6.32407835419908,0.4647356166427983,1.6374408724582716,17,0,14.219139284938656,21.007953255780535,0.6768455313954075,16-19,85.8,66.8
198,89.71102599525771,42.89940273750184,17.231987120162984,Urban,Female,8.940774577442644,1,6.155400216398594,60.70940360887808,10.186824881842046,87.27302504846018,Urban,3.804624188257988,0.9985665117347864,0.8920976985702112,4.729042426068132,19,1,17.47444119176876,19.36510540207376,0.9023674712298477,16-19,42.9,17.2
199,88.70864242651173,75.08710677914974,19.22890188086708,Rural,Other,0.6585913757576991,0,7.557705108609564,54.669741271407005,33.634863177036905,84.19335667918087,Urban,0.4255932968026406,6.353685300395243,4.126895221698625,1.4890871820267837,15,1,2.5732718545871234,13.053852376680991,0.19712739046934058,10-15,75.1,19.2
200,77.98755458576238,75.45428740846823,4.086861626647886,Urban,Female,5.461724220433873,1,4.981143235510137,23.194709611597546,1.537053958493,18.610141784627732,Rural,1.526349485051082,2.2061405460108556,2.140741413823772,2.65251759253755,19,1,9.640591298022505,13.987473257857133,0.6892303649343623,16-19,75.5,4.1
